Team Name,Player Name,Number,Position,URL,Mugshot
Magnolia Chicken Timplados Hotshots,CalvinAbueva,#13,F,https://www.pba.ph/players/calvin-abueva,https://dashboard.pba.ph/assets/players/Abueva23.png
North Port Batang Pier,BenedictAdamos,#88,C,https://www.pba.ph/players/benedict-adamos,https://dashboard.pba.ph/assets/players/Adam23os_Northport.png
Barangay Ginebra San Miguel,JapethAguilar,#25,F,https://www.pba.ph/players/japeth-aguilar,https://dashboard.pba.ph/assets/players/J_Aguilar.png
Barangay Ginebra San Miguel,RaymondAguilar,#23,F,https://www.pba.ph/players/raymond-aguilar,https://dashboard.pba.ph/assets/players/R_Aguilar.png
Barangay Ginebra San Miguel,MaverickAhanmisi,#0,G,https://www.pba.ph/players/maverick-ahanmisi,https://dashboard.pba.ph/assets/players/M_Ahanmisi.png
Magnolia Chicken Timplados Hotshots,JerrickAhanmisi,#2,G,https://www.pba.ph/players/jerrick-ahanmisi,https://dashboard.pba.ph/assets/players/J_Ahanmisi23.png
Phoenix Fuel Masters,JayjayAlejandro,#18,G,https://www.pba.ph/players/jayjay-alejandro,https://dashboard.pba.ph/assets/players/Alejandro23.png
Meralco Bolts,RaymondAlmazan,#20,C,https://www.pba.ph/players/raymond-almazan,https://dashboard.pba.ph/assets/players/Almazan23.png
Terrafirma Dyip,GeloAlolino,#4,G,https://www.pba.ph/players/gelo-alolino,https://dashboard.pba.ph/assets/players/Alolin23o.png
Converge FiberXers,JeoAmbohot,#19,C,https://www.pba.ph/players/jeo-ambohot,https://dashboard.pba.ph/assets/players/Ambohot23.png
NLEX Road Warriors,BaserAmer,#9,G,https://www.pba.ph/players/baser-amer,https://dashboard.pba.ph/assets/players/24amerb.png
North Port Batang Pier,John AnthonyAmores,#19,F/G,https://www.pba.ph/players/john-anthony-amores,https://dashboard.pba.ph/assets/players/AMores233.png
Converge FiberXers,Bryan JasonAndrade,#0,G,https://www.pba.ph/players/bryan-jason-andrade,https://dashboard.pba.ph/assets/players/24Andrade.png
NLEX Road Warriors,SeanAnthony,#10,F,https://www.pba.ph/players/sean-anthony,https://dashboard.pba.ph/assets/players/Anthon23y.png
Converge FiberXers,JustinArana,#15,C,https://www.pba.ph/players/justin-arana,https://dashboard.pba.ph/assets/players/Arana23.png
Rain or Shine Elastopainters,Anton RafaelAsistio,#8,G,https://www.pba.ph/players/anton-rafael-asistio,https://dashboard.pba.ph/assets/players/Asistio23.png
TNT Tropang Giga,Kim CyrilAurin,#35,F/G,https://www.pba.ph/players/kim-cyril-aurin,https://dashboard.pba.ph/assets/players/Aurin23.png
TNT Tropang Giga,KimAurin,#35,Guard,https://www.pba.ph/players/kim-aurin,https://dashboard.pba.ph/assets/players/Aurin23.png
Converge FiberXers,JerrickBalanza,#7,G,https://www.pba.ph/players/jerrick-balanza,https://dashboard.pba.ph/assets/players/Balanza23.png
Meralco Bolts,ChrisBanchero,#6,G,https://www.pba.ph/players/chris-banchero,https://dashboard.pba.ph/assets/players/Banchero23.png
Magnolia Chicken Timplados Hotshots,Andy MarkBarroca,#14,G,https://www.pba.ph/players/andy-mark-barroca,https://dashboard.pba.ph/assets/players/Barroca23.png
Meralco Bolts,Brandon MatthewBates,#33,C/F,https://www.pba.ph/players/brandon-matthew-bates,https://dashboard.pba.ph/assets/players/Bates23.png
Meralco Bolts,BrandonBates,#33,Forward,https://www.pba.ph/players/brandon-bates,https://dashboard.pba.ph/assets/players/Bates23.png
Rain or Shine Elastopainters,Beau Michael VincentBelga,#28,C/F,https://www.pba.ph/players/beau-michael-vincent-belga,https://dashboard.pba.ph/assets/players/Belga23.png
Rain or Shine Elastopainters,MacBelo,#12,F,https://www.pba.ph/players/mac-belo,https://dashboard.pba.ph/assets/players/Belo.23png.png
Meralco Bolts,Norman AaronBlack,#1,F/G,https://www.pba.ph/players/norman-aaron-black,https://dashboard.pba.ph/assets/players/Black23.png
NLEX Road Warriors,Robert LeeBolick Jr.,#8,G,https://www.pba.ph/players/robert-lee-bolick-jr.,https://dashboard.pba.ph/assets/players/Bolick_NLEX.png
Rain or Shine Elastopainters,Mark AnthonyBorboran,#16,F,https://www.pba.ph/players/mark-anthony-borboran,https://dashboard.pba.ph/assets/players/Borb23oran.png
San Miguel Beermen,RodneyBrondial,#91,F,https://www.pba.ph/players/rodney-brondial,https://dashboard.pba.ph/assets/players/Brond23ial.png
North Port Batang Pier,AllynBulanadi,#13,Guard,https://www.pba.ph/players/allyn-bulanadi,https://dashboard.pba.ph/assets/players/Bu32lanadi_North.png
Terrafirma Dyip,Philip AndreasCahilig,#10,G,https://www.pba.ph/players/philip-andreas-cahilig,https://dashboard.pba.ph/assets/players/Cahili23g.png
North Port Batang Pier,John MichaelCalma,#2,F,https://www.pba.ph/players/john-michael-calma,https://dashboard.pba.ph/assets/players/Calma23.png
Terrafirma Dyip,John PaulCalvo,#8,G,https://www.pba.ph/players/john-paul-calvo,https://dashboard.pba.ph/assets/players/Calvo23.png
Phoenix Fuel Masters,Simon DavidCamacho,#20,F/G,https://www.pba.ph/players/simon-david-camacho,https://dashboard.pba.ph/assets/players/Camacho23.png
Terrafirma Dyip,Eric JamesCamson,#13,F,https://www.pba.ph/players/eric-james-camson,https://dashboard.pba.ph/assets/players/Camson23.png
Rain or Shine Elastopainters,AndreiCaracut,#14,G,https://www.pba.ph/players/andrei-caracut,https://dashboard.pba.ph/assets/players/Carac23ut.png
Converge FiberXers,King DenielleCaralipio,#27,F,https://www.pba.ph/players/king-denielle-caralipio,https://dashboard.pba.ph/assets/players/Caralipio13.png
Meralco Bolts,Antonio JoseCaram,#17,G,https://www.pba.ph/players/antonio-jose-caram,https://dashboard.pba.ph/assets/players/Caram23.png
Terrafirma Dyip,KemarkCari√±o,#33,C/F,https://www.pba.ph/players/kemark-cari%C3%B1o,http://se-img.dcd-production.i.geniussports.com/dc3dfca1ccce9fc385d7dbfc61994e9dT1.png
TNT Tropang Giga,William JaysonCastro,#17,G,https://www.pba.ph/players/william-jayson-castro,https://dashboard.pba.ph/assets/players/Castro23.png
North Port Batang Pier,JeffChan,#16,G,https://www.pba.ph/players/jeff-chan,https://dashboard.pba.ph/assets/players/Chan23.png
NLEX Road Warriors,EdgarCharcos,#0,G,https://www.pba.ph/players/edgar-charcos,https://dashboard.pba.ph/assets/players/noimage.png
Rain or Shine Elastopainters,JhonardClarito,#22,F,https://www.pba.ph/players/jhonard-clarito,https://dashboard.pba.ph/assets/players/Clarit23o.png
Blackwater Elite,ArchieConcepcion,#2,,https://www.pba.ph/players/archie-concepcion,https://dashboard.pba.ph/assets/players/Concepc23ion.png
Blackwater Elite,ArchieConcepcion,#2,F/G,https://www.pba.ph/players/archie-concepcion,http://se-img.dcd-production.i.geniussports.com/cd51bcb9687da21719ba9872f16edb91T1.png
Magnolia Chicken Timplados Hotshots,JacksonCorpuz,#1,F,https://www.pba.ph/players/jackson-corpuz,https://dashboard.pba.ph/assets/players/Corpuz23.png
San Miguel Beermen,JerichoCruz,#39,,https://www.pba.ph/players/jericho-cruz,https://dashboard.pba.ph/assets/players/Cruz23.png
Barangay Ginebra San Miguel,Louis RaphaelCu,#18,F/G,https://www.pba.ph/players/louis-raphael-cu,https://dashboard.pba.ph/assets/players/Cu.png
North Port Batang Pier,DamieCuntapay,#37,C/F,https://www.pba.ph/players/damie-cuntapay,https://dashboard.pba.ph/assets/players/24Cuntapay.png
Rain or Shine Elastopainters,KeithDatu,#21,C/F,https://www.pba.ph/players/keith-datu,https://dashboard.pba.ph/assets/players/Datu23.png
Phoenix Fuel Masters,MatthewDaves,#12,C/F,https://www.pba.ph/players/matthew-daves,https://dashboard.pba.ph/assets/players/Daves23.png
Blackwater Elite,ChristianDavid,#25,C/F,https://www.pba.ph/players/christian-david,https://dashboard.pba.ph/assets/players/noimage.png
Barangay Ginebra San Miguel,JaysonDavid,#24,G,https://www.pba.ph/players/jayson-david,https://dashboard.pba.ph/assets/players/J_David.png
Converge FiberXers,John Louisse (JL)De Los Santos,#24,Forward,https://www.pba.ph/players/john-louisse-jl-de-los-santos,https://dashboard.pba.ph/assets/players/Delos_Santos13.png
Magnolia Chicken Timplados Hotshots,Romedela Rosa,#19,G,https://www.pba.ph/players/rome-dela-rosa,https://dashboard.pba.ph/assets/players/Dela_Rosa23.png
Converge FiberXers,John LouiseeDelos Santos,#24,F,https://www.pba.ph/players/john-louisee-delos-santos,http://se-img.dcd-production.i.geniussports.com/c5b2b8244a50c4c5515e70a396b2553eT1.png
Rain or Shine Elastopainters,NickDemusis,#31,F/G,https://www.pba.ph/players/nick-demusis,https://dashboard.pba.ph/assets/players/Demusis23.png
Blackwater Elite,MichaelDigregorio,#3,G,https://www.pba.ph/players/michael-digregorio,https://dashboard.pba.ph/assets/players/HinDiGregorio.png
Barangay Ginebra San Miguel,JaredDillinger,#2,F,https://www.pba.ph/players/jared-dillinger,https://dashboard.pba.ph/assets/players/Dillinger_(1).png
Magnolia Chicken Timplados Hotshots,AristotleDionisio,#57,C/F,https://www.pba.ph/players/aristotle-dionisio,https://dashboard.pba.ph/assets/players/Dionisio23.png
TNT Tropang Giga,Kevin BarkleyEbona,#8,C,https://www.pba.ph/players/kevin-barkley-ebona,https://dashboard.pba.ph/assets/players/24Ebona.png
San Miguel Beermen,Simon NicholasEnciso,#0,G,https://www.pba.ph/players/simon-nicholas-enciso,https://dashboard.pba.ph/assets/players/Enciso23.png
Magnolia Chicken Timplados Hotshots,JosephEriobu,#88,F,https://www.pba.ph/players/joseph-eriobu,https://dashboard.pba.ph/assets/players/Eriobu23.png
Magnolia Chicken Timplados Hotshots,RusselEscoto,#88,C,https://www.pba.ph/players/russel-escoto,https://dashboard.pba.ph/assets/players/Escoto23.png
Blackwater Elite,RichardEscoto,#23,F/G,https://www.pba.ph/players/richard-escoto,https://dashboard.pba.ph/assets/players/RaselEscoto.png
NLEX Road Warriors,DominickFajardo,#19,F/G,https://www.pba.ph/players/dominick-fajardo,https://dashboard.pba.ph/assets/players/D_Fajard23o.png
San Miguel Beermen,June MarFajardo,#15,C,https://www.pba.ph/players/june-mar-fajardo,https://dashboard.pba.ph/assets/players/Fajardo23.png
NLEX Road Warriors,DominickFajardo,#9,Forward,https://www.pba.ph/players/dominick-fajardo,https://dashboard.pba.ph/assets/players/D_Fajard23o.png
Terrafirma Dyip,KevinFerrer,#77,SG,https://www.pba.ph/players/kevin-ferrer,https://dashboard.pba.ph/assets/players/Ferrer-v2.png
North Port Batang Pier,CadeFlores,#22,C/F,https://www.pba.ph/players/cade-flores,https://dashboard.pba.ph/assets/players/C_Flores23.png
Converge FiberXers,InandFornilos,#0,F/G,https://www.pba.ph/players/inand-fornilos,https://dashboard.pba.ph/assets/players/Fornilos23.png
Converge FiberXers,InandFornilos,#0,Forward,https://www.pba.ph/players/inand-fornilos,https://dashboard.pba.ph/assets/players/Fornilos23.png
TNT Tropang Giga,HenryGalinato,#32,Forward,https://www.pba.ph/players/henry-galinato,https://dashboard.pba.ph/assets/players/Galinato23.png
TNT Tropang Giga,HenryGalinato Jr.,#32,C/F,https://www.pba.ph/players/henry-galinato-jr.,http://se-img.dcd-production.i.geniussports.com/f8824fcbee03c8ec174ca440d225c318T1.png
TNT Tropang Giga,Brandon ArnellGanuelas-Rosser,#99,C/F,https://www.pba.ph/players/brandon-arnell-ganuelas-rosser,https://dashboard.pba.ph/assets/players/24BGR.png
TNT Tropang Giga,MattGanuelas-Rosser,#24,F,https://www.pba.ph/players/matt-ganuelas-rosser,https://dashboard.pba.ph/assets/players/Rosse23r.png
Phoenix Fuel Masters,RRGarcia,#8,G,https://www.pba.ph/players/rr-garcia,https://dashboard.pba.ph/assets/players/Garcia.23png.png
Terrafirma Dyip,George IsaacGo,#11,C/F,https://www.pba.ph/players/george-isaac-go,https://dashboard.pba.ph/assets/players/Go23.png
Terrafirma Dyip,JavierGomez De Liano,#22,F/G,https://www.pba.ph/players/javier-gomez-de-liano,https://dashboard.pba.ph/assets/players/Gomez_de_Lia23no.png
Blackwater Elite,BradwynGuinto,#5,C/F,https://www.pba.ph/players/bradwyn-guinto,https://dashboard.pba.ph/assets/players/Guinto_23.png
Barangay Ginebra San Miguel,DonaldGumaru,#20,G,https://www.pba.ph/players/donald-gumaru,https://dashboard.pba.ph/assets/players/Gumaru.png
NLEX Road Warriors,Robert ConradHerndon,#11,G,https://www.pba.ph/players/robert-conrad-herndon,https://dashboard.pba.ph/assets/players/Herndo23n.png
TNT Tropang Giga,BrianHeruela,#13,G,https://www.pba.ph/players/brian-heruela,https://dashboard.pba.ph/assets/players/Heruela23.png
Blackwater Elite,TyrusHill,#9,C/F,https://www.pba.ph/players/tyrus-hill,https://dashboard.pba.ph/assets/players/Hillichurls.png
Meralco Bolts,CliffHodge,#7,F,https://www.pba.ph/players/cliff-hodge,https://dashboard.pba.ph/assets/players/Hodge23.png
Terrafirma Dyip,Stephen JeffreyHolt,#2,F/G,https://www.pba.ph/players/stephen-jeffrey-holt,http://se-img.dcd-production.i.geniussports.com/8117923df05d4d97b091809b6174a218T1.png
TNT Tropang Giga,RahlirHondae-Jefferson,#0,Forward,https://www.pba.ph/players/rahlir-hondae-jefferson,https://dashboard.pba.ph/assets/players/mensplaceholder.png
Blackwater Elite,Regile KentIlagan,#0,PG,https://www.pba.ph/players/regile-kent-ilagan,https://dashboard.pba.ph/assets/players/Ilagilagan.png
Rain or Shine Elastopainters,ShaunIldefonso,#10,G,https://www.pba.ph/players/shaun-ildefonso,https://dashboard.pba.ph/assets/players/Ildefonso23.png
Magnolia Chicken Timplados Hotshots,JioJalalon,#6,G,https://www.pba.ph/players/jio-jalalon,https://dashboard.pba.ph/assets/players/Jalalon23.png
Phoenix Fuel Masters,RJJazul,#13,G,https://www.pba.ph/players/rj-jazul,https://dashboard.pba.ph/assets/players/Jazul23.png
San Miguel Beermen,KytJimenez,#76,Guard,https://www.pba.ph/players/kyt-jimenez,https://dashboard.pba.ph/assets/players/Jimenez23.png
Blackwater Elite,CliffordJopia,#13,C/F,https://www.pba.ph/players/clifford-jopia,https://dashboard.pba.ph/assets/players/24Jopia.png
Meralco Bolts,RaymarJose,#24,F,https://www.pba.ph/players/raymar-jose,https://dashboard.pba.ph/assets/players/Jose23.png
TNT Tropang Giga,GlennKhobuntin,#12,F/G,https://www.pba.ph/players/glenn-khobuntin,https://dashboard.pba.ph/assets/players/Khobuntin23.png
Blackwater Elite,JamesKwekuteye,#7,Guard,https://www.pba.ph/players/james-kwekuteye,https://dashboard.pba.ph/assets/players/Kwekut23eye.png
Phoenix Fuel Masters,ChrisLalata,#6,F,https://www.pba.ph/players/chris-lalata,https://dashboard.pba.ph/assets/players/Lalata23.png
Magnolia Chicken Timplados Hotshots,JamesLaput,#42,C,https://www.pba.ph/players/james-laput,https://dashboard.pba.ph/assets/players/Laput23.png
San Miguel Beermen,MarcioLassiter,#13,G,https://www.pba.ph/players/marcio-lassiter,https://dashboard.pba.ph/assets/players/Lassiter.23png.png
Magnolia Chicken Timplados Hotshots,PaulLee,#3,G,https://www.pba.ph/players/paul-lee,https://dashboard.pba.ph/assets/players/Lee23.png
North Port Batang Pier,Zavier Lucero,#7,Forward,https://www.pba.ph/players/zavier-lucero,https://dashboard.pba.ph/assets/players/
Converge FiberXers,PatrickMaagdenberg,#4,C/F,https://www.pba.ph/players/patrick-maagdenberg,https://dashboard.pba.ph/assets/players/Maagdenberg23.png
Converge FiberXers,PatrickMaagdenberg,#4,Center,https://www.pba.ph/players/patrick-maagdenberg,https://dashboard.pba.ph/assets/players/Maagdenberg23.png
Meralco Bolts,AlleinMaliksi,#22,F,https://www.pba.ph/players/allein-maliksi,https://dashboard.pba.ph/assets/players/Maliksi23.png
San Miguel Beermen,John TroyMallilin,#4,F/G,https://www.pba.ph/players/john-troy-mallilin,https://dashboard.pba.ph/assets/players/Mallilin23.png
Barangay Ginebra San Miguel,JamieMalonzo,#3,C/F,https://www.pba.ph/players/jamie-malonzo,https://dashboard.pba.ph/assets/players/malonezo.png
Rain or Shine Elastopainters,GianMamuyac,#3,G,https://www.pba.ph/players/gian-mamuyac,https://dashboard.pba.ph/assets/players/Mamuyac23.png
Phoenix Fuel Masters,Sean PaulManganti,#2,F/G,https://www.pba.ph/players/sean-paul-manganti,https://dashboard.pba.ph/assets/players/Mangant23i.png
San Miguel Beermen,VicManuel,#87,F,https://www.pba.ph/players/vic-manuel,https://dashboard.pba.ph/assets/players/Manuel23.png
NLEX Road Warriors,DaveMarcelo,#22,C,https://www.pba.ph/players/dave-marcelo,https://dashboard.pba.ph/assets/players/Marcel23o.png
Converge FiberXers,AljunMelecio,#11,G,https://www.pba.ph/players/aljun-melecio,https://dashboard.pba.ph/assets/players/Melecio23.png
Meralco Bolts,Jose LorenzoMendoza,#10,F/G,https://www.pba.ph/players/jose-lorenzo-mendoza,https://dashboard.pba.ph/assets/players/noimage.png
Magnolia Chicken Timplados Hotshots,Jonathan JedMendoza,#65,F/G,https://www.pba.ph/players/jonathan-jed-mendoza,https://dashboard.pba.ph/assets/players/Mendoza23.png
Terrafirma Dyip,AllenMina,#29,Guard,https://www.pba.ph/players/allen-mina,https://dashboard.pba.ph/assets/players/Mina23.png
NLEX Road Warriors,MichaelMiranda,#2,C,https://www.pba.ph/players/michael-miranda,https://dashboard.pba.ph/assets/players/Miranda23.png
Phoenix Fuel Masters,JaveeMocon,#7,F,https://www.pba.ph/players/javee-mocon,https://dashboard.pba.ph/assets/players/Mocon23.png
TNT Tropang Giga,Kirell BrahndonMontalbo,#15,G,https://www.pba.ph/players/kirell-brahndon-montalbo,https://dashboard.pba.ph/assets/players/Montalbo23.png
North Port Batang Pier,JoshuaMunzon,#24,F/G,https://www.pba.ph/players/joshua-munzon,https://dashboard.pba.ph/assets/players/Munzon23.png
Phoenix Fuel Masters,LarryMuyang,#1,C/F,https://www.pba.ph/players/larry-muyang,https://dashboard.pba.ph/assets/players/Muyang23.png
Blackwater Elite,Rey BenedictNambatac,#27,G,https://www.pba.ph/players/rey-benedict-nambatac,https://dashboard.pba.ph/assets/players/24Nambatec.png
North Port Batang Pier,William RanielNavarro,#23,C/F,https://www.pba.ph/players/william-raniel-navarro,https://dashboard.pba.ph/assets/players/Navarro23.png
NLEX Road Warriors,Jhan McHaleNermal,#29,Forward,https://www.pba.ph/players/jhan-mchale-nermal,https://dashboard.pba.ph/assets/players/Ner23mal.png
NLEX Road Warriors,Jhan McHaleNermal,#29,F,https://www.pba.ph/players/jhan-mchale-nermal,http://se-img.dcd-production.i.geniussports.com/f26348e83df73308fc2b1948feceda71T1.png
Meralco Bolts,ChrisNewsome,#11,G,https://www.pba.ph/players/chris-newsome,https://dashboard.pba.ph/assets/players/Newsome23.png
NLEX Road Warriors,MatthewNieto,#31,guard,https://www.pba.ph/players/matthew-nieto,https://dashboard.pba.ph/assets/players/M_Nieto23.png
Converge FiberXers,Michael JosephNieto,#7,F/G,https://www.pba.ph/players/michael-joseph-nieto,https://dashboard.pba.ph/assets/players/Nieto23.png
Rain or Shine Elastopainters,Adrian ClarenceNocum,#1,,https://www.pba.ph/players/adrian-clarence-nocum,https://dashboard.pba.ph/assets/players/mensplaceholder.png
Rain or Shine Elastopainters,Gabriel DanielNorwood,#5,F/G,https://www.pba.ph/players/gabriel-daniel-norwood,https://dashboard.pba.ph/assets/players/Norwood23.png
TNT Tropang Giga,Calvin JohnOftana,#8,F,https://www.pba.ph/players/calvin-john-oftana,https://dashboard.pba.ph/assets/players/Oftana23.png
Terrafirma Dyip,Tommy YorkOlivario,#6,G,https://www.pba.ph/players/tommy-york-olivario,https://dashboard.pba.ph/assets/players/Olivario23.png
Barangay Ginebra San Miguel,SidneyOnwubere,#27,F,https://www.pba.ph/players/sidney-onwubere,https://dashboard.pba.ph/assets/players/shedne.png
North Port Batang Pier,BrentParaiso,#38,F/G,https://www.pba.ph/players/brent-paraiso,https://dashboard.pba.ph/assets/players/Paraiso23.png
Meralco Bolts,AlvinPasaol,#23,G,https://www.pba.ph/players/alvin-pasaol,https://dashboard.pba.ph/assets/players/Pasaol23.png
Meralco Bolts,Kyle NicholasPascual,#32,C/F,https://www.pba.ph/players/kyle-nicholas-pascual,https://dashboard.pba.ph/assets/players/K_Pascual23.png
NLEX Road Warriors,JakePascual,#22,F,https://www.pba.ph/players/jake-pascual,https://dashboard.pba.ph/assets/players/J_Pascu23al.png
San Miguel Beermen,JaymarPerez,#77,G,https://www.pba.ph/players/jaymar-perez,https://dashboard.pba.ph/assets/players/Perez.23png.png
Phoenix Fuel Masters,JasonPerkins,#0,F,https://www.pba.ph/players/jason-perkins,https://dashboard.pba.ph/assets/players/Perkins23.png
Barangay Ginebra San Miguel,VonPessumal,#19,G,https://www.pba.ph/players/von-pessumal,https://dashboard.pba.ph/assets/players/tessumal.png
Barangay Ginebra San Miguel,Nard JohnPinto,#17,G,https://www.pba.ph/players/nard-john-pinto,https://dashboard.pba.ph/assets/players/Pinto.png
TNT Tropang Giga,RogerPogoy,#16,F,https://www.pba.ph/players/roger-pogoy,https://dashboard.pba.ph/assets/players/Pogoy23.png
TNT Tropang Giga,JewelPonferada,#15,F,https://www.pba.ph/players/jewel-ponferada,https://dashboard.pba.ph/assets/players/Ponferrada.23png.png
Barangay Ginebra San Miguel,Stanley Jr.Pringle,#11,G,https://www.pba.ph/players/stanley-jr.-pringle,https://dashboard.pba.ph/assets/players/Pringle.png
Meralco Bolts,Kier JohnQuinto,#19,G,https://www.pba.ph/players/kier-john-quinto,https://dashboard.pba.ph/assets/players/Quinto23.png
Terrafirma Dyip,AldrechRamos,#17,F,https://www.pba.ph/players/aldrech-ramos,https://dashboard.pba.ph/assets/players/Ramos.23png.png
Magnolia Chicken Timplados Hotshots,RafiReavis,#4,C,https://www.pba.ph/players/rafi-reavis,https://dashboard.pba.ph/assets/players/Reavis23.png
TNT Tropang Giga,RyanReyes,#10,G,https://www.pba.ph/players/ryan-reyes,https://dashboard.pba.ph/assets/players/Reyes23.png
Meralco Bolts,JansenRios,#5,G,https://www.pba.ph/players/jansen-rios,https://dashboard.pba.ph/assets/players/Rios23.png
Phoenix Fuel Masters,Ricci PaoloRivero,#25,F/G,https://www.pba.ph/players/ricci-paolo-rivero,https://dashboard.pba.ph/assets/players/Rivero23.png
NLEX Road Warriors,RichieRodger,#1,PF,https://www.pba.ph/players/richie-rodger,https://dashboard.pba.ph/assets/players/Rodger23.png
NLEX Road Warriors,RichieRodger,#1,Forward,https://www.pba.ph/players/richie-rodger,https://dashboard.pba.ph/assets/players/Rodger23.png
San Miguel Beermen,TerrenceRomeo,#7,G,https://www.pba.ph/players/terrence-romeo,https://dashboard.pba.ph/assets/players/Romeo.23png.png
North Port Batang Pier,KrisRosales,#11,G,https://www.pba.ph/players/kris-rosales,https://dashboard.pba.ph/assets/players/Ro23sales_northport.png
Blackwater Elite,Jeth TroyRosario,#18,F,https://www.pba.ph/players/jeth-troy-rosario,https://dashboard.pba.ph/assets/players/Rosariotrey.png
San Miguel Beermen,ChrisRoss,#6,G,https://www.pba.ph/players/chris-ross,https://dashboard.pba.ph/assets/players/Ross23.png
Terrafirma Dyip,Mark LouieSangalang,#66,Forward,https://www.pba.ph/players/mark-louie-sangalang,https://dashboard.pba.ph/assets/players/mensplaceholder.png
Terrafirma Dyip,Mark LouieSangalang,#66,C/F,https://www.pba.ph/players/mark-louie-sangalang,http://se-img.dcd-production.i.geniussports.com/76d0f76e844f9b656ca0803971f2434eT1.png
Magnolia Chicken Timplados Hotshots,IanSangalang,#10,F,https://www.pba.ph/players/ian-sangalang,https://dashboard.pba.ph/assets/players/Sangalang23.png
Rain or Shine Elastopainters,LeonardSantillan,#25,C/F,https://www.pba.ph/players/leonard-santillan,https://dashboard.pba.ph/assets/players/Santillan23.png
Converge FiberXers,BryanSantos,#26,C/F,https://www.pba.ph/players/bryan-santos,https://dashboard.pba.ph/assets/players/Santos23.png
Converge FiberXers,BryanSantos,#26,Forward,https://www.pba.ph/players/bryan-santos,https://dashboard.pba.ph/assets/players/Santos23.png
NLEX Road Warriors,Anthony PaulSemerad,#33,F,https://www.pba.ph/players/anthony-paul-semerad,https://dashboard.pba.ph/assets/players/Semera23d.png
Blackwater Elite,James RyanSena,#15,F,https://www.pba.ph/players/james-ryan-sena,https://dashboard.pba.ph/assets/players/Senabike.png
Phoenix Fuel Masters,RaulSoyud,#44,C,https://www.pba.ph/players/raul-soyud,https://dashboard.pba.ph/assets/players/Soyud23.png
Barangay Ginebra San Miguel,Christian KarlStandhardinger,#34,C/F,https://www.pba.ph/players/christian-karl-standhardinger,https://dashboard.pba.ph/assets/players/Standhardinger.png
Converge FiberXers,Alec JuneStockton,#12,F/G,https://www.pba.ph/players/alec-june-stockton,https://dashboard.pba.ph/assets/players/Stockton23.png
Blackwater Elite,ReySuerte,#4,G,https://www.pba.ph/players/rey-suerte,https://dashboard.pba.ph/assets/players/Suerte233.png
North Port Batang Pier,PaoloTaha,#0,G,https://www.pba.ph/players/paolo-taha,https://dashboard.pba.ph/assets/players/P_Taha23.png
San Miguel Beermen,MoalaTautuaa,#33,C,https://www.pba.ph/players/moala-tautuaa,https://dashboard.pba.ph/assets/players/Tautuaa.png
San Miguel Beermen,JeronTeng,#21,G,https://www.pba.ph/players/jeron-teng,https://dashboard.pba.ph/assets/players/Teng.png
Barangay Ginebra San Miguel,Lewis AlfredTenorio,#5,G,https://www.pba.ph/players/lewis-alfred-tenorio,https://dashboard.pba.ph/assets/players/Tenio23rio.png
Barangay Ginebra San Miguel,ScottieThompson,#9,G,https://www.pba.ph/players/scottie-thompson,https://dashboard.pba.ph/assets/players/Thompson.png
Phoenix Fuel Masters,Christian TylerTio,#19,G,https://www.pba.ph/players/christian-tyler-tio,https://dashboard.pba.ph/assets/players/Tio23.png
Terrafirma Dyip,Juan MiguelTiongson,#3,G,https://www.pba.ph/players/juan-miguel-tiongson,https://dashboard.pba.ph/assets/players/Tiongso23n.png
North Port Batang Pier,Arvin DaveTolentino,#10,F,https://www.pba.ph/players/arvin-dave-tolentino,https://dashboard.pba.ph/assets/players/Tolentino23.png
Meralco Bolts,NorbertTorres,#29,C,https://www.pba.ph/players/norbert-torres,https://dashboard.pba.ph/assets/players/Torres23.png
Magnolia Chicken Timplados Hotshots,Abu JahalTratter,#2,F,https://www.pba.ph/players/abu-jahal-tratter,https://dashboard.pba.ph/assets/players/Tratter23.png
San Miguel Beermen,CeledonioTrollano,#8,F/G,https://www.pba.ph/players/celedonio-trollano,https://dashboard.pba.ph/assets/players/Troll23ano_SMB.png
Phoenix Fuel Masters,Kenneth JamesTuffin,#20,F/G,https://www.pba.ph/players/kenneth-james-tuffin,https://dashboard.pba.ph/assets/players/Tuffin23.png
Blackwater Elite,FrederickTungcab,#11,F/G,https://www.pba.ph/players/frederick-tungcab,https://dashboard.pba.ph/assets/players/24Tungcab.png
NLEX Road Warriors,RenatoUlar,#5,F,https://www.pba.ph/players/renato-ular,https://dashboard.pba.ph/assets/players/24Ular.png
NLEX Road Warriors,EnochValdez,#24,,https://www.pba.ph/players/enoch-valdez,https://dashboard.pba.ph/assets/players/23enoch.png
NLEX Road Warriors,EnochValdez,#24,G,https://www.pba.ph/players/enoch-valdez,http://se-img.dcd-production.i.geniussports.com/a1415a7219b351e0dfcc55a417460dbfT1.png
TNT Tropang Giga,PaulVarilla,#9,SG/SF,https://www.pba.ph/players/paul-varilla,https://dashboard.pba.ph/assets/players/Varilla23.png
Phoenix Fuel Masters,Rafael LorenzoVerano,#22,C/F,https://www.pba.ph/players/rafael-lorenzo-verano,https://dashboard.pba.ph/assets/players/Verano23.png
Converge FiberXers,KamronVigan-Fleming,#1,Guard,https://www.pba.ph/players/kamron-vigan-fleming,https://dashboard.pba.ph/assets/players/Vig23an.png
Rain or Shine Elastopainters,LuisVillegas,#24,C/F,https://www.pba.ph/players/luis-villegas,https://dashboard.pba.ph/assets/players/Villegas23.png
TNT Tropang Giga,KellyWilliams,#21,F,https://www.pba.ph/players/kelly-williams,https://dashboard.pba.ph/assets/players/Williams23.png
Converge FiberXers,JamilWilson,#99,Forward,https://www.pba.ph/players/jamil-wilson,https://dashboard.pba.ph/assets/players/Jamil_Wilson13.png
Converge FiberXers,DeschonWinston,#77,G,https://www.pba.ph/players/deschon-winston,https://dashboard.pba.ph/assets/players/Winston.png
Converge FiberXers,DeschonWinston,#77,Guard,https://www.pba.ph/players/deschon-winston,https://dashboard.pba.ph/assets/players/Winston.png
Blackwater Elite,JamesYap,#15,F/G,https://www.pba.ph/players/james-yap,https://dashboard.pba.ph/assets/players/24yapj.png
North Port Batang Pier,Fran LouieYu,#5,F/G,https://www.pba.ph/players/fran-louie-yu,https://dashboard.pba.ph/assets/players/Yu.23png.png
Converge FiberXers,KeithZaldivar,#25,C/PF,https://www.pba.ph/players/keith-zaldivar,https://dashboard.pba.ph/assets/players/Zaldivar.png
North Port Batang Pier,Paul ChristianZamar,#12,G,https://www.pba.ph/players/paul-christian-zamar,https://dashboard.pba.ph/assets/players/Zamar23.png
